Workbook

Sheet How to use
A1: BOTIn — POC to production release, step by step
A3: 80 steps in 9 phases. Sequenced so that each one can be understood and agreed before it is implemented.
A5: HOW WE WORK THROUGH IT
A6: 1. Take the next step in order. Phases are sequential; steps inside a phase mostly are not.
A7: 2. Steps marked DISCUSS FIRST = Y are design decisions. We agree the approach before any code changes. 49 of the 80 are.
A8: 3. Steps marked N are mechanical. I propose the change, you approve, I make it.
A9: 4. No code changes without your approval, on any step.
A10: 5. Set Status on the Steps tab; the Summary tab is formulas over it and updates itself.
A12: THE SHAPE OF THE PLAN, AND WHY
A13: Phase 0 settles what nobody can compute — the decisions, and the five data answers two read-only probes return.
A14: Phases 1 and 2 are independent of every open decision: the service has to be deployable and the reads have to be correct whatever Phase 1 turns out to contain. They can start immediately.
A15: Phase 3 takes ONE concern all the way to production quality, to prove the Definition of Done is achievable. Recharge, because it is the only concern whose money path is complete — AUTO_CREDIT_WALLET is the single registered action today.
... A24: Phase 7 is sized by other teams, not by this codebase. No amount of work here shortens it.

Sheet Steps
A1: # | B1: Phase | C1: Step | D1: What changes in the implementation | E1: Why it matters | F1: Depends on | G1: Discuss first | H1: Status | I1: Notes
A2: 1 | B2: 0 — Settle (no production code) | C2: Run tools/uat-probe-2.sql | D2: Nothing. Read-only SQL. | E2: Returns the real names of arrived_at300_m and order_type, the paise-vs-rupees answer, the PayU link column (N3) and cs_address (Q6). | F2: — | G2: N | H2: Not started
A3: 2 | B3: 0 — Settle (no production code) | C3: Run tools/uat-probe-3.sql | D3: Nothing. Read-only SQL. | E3: Returns the order_status_code values for NR / CR / by-agent (N2). NR auto-credits where CR denies, so a wrong mapping pays the wrong partners. | F3: — | G3: N | H3: Not started
A4: 3 | B4: 0 — Settle (no production code) | C4: Record every probe answer | D4: docs/SIGNAL-REGISTER.md, docs/DECISIONS.md | E4: An answer that lives only in a chat is an answer that gets re-derived wrongly later. | F4: 1, 2 | G4: N | H4: Not started
A5: 4 | B5: 0 — Settle (no production code) | C5: Take the 8 reconciliation decisions to Product | D5: docs/DECISIONS.md | E5: 23% of volume is in CONFLICT between the PRD and the concern sheet and 35% is in the catalogue but absent from the PRD. Building either version first is a coin flip. | F5: — | G5: Y | H5: Not started
A6: 5 | B6: 0 — Settle (no production code) | C6: Settle the headline number: 86% or 61.5% | D6: docs/DECISIONS.md | E6: Both are forecasts of the same quantity and they differ by a quarter of all volume. Staffing, the agent-connect target and every phase gate are sized off it. | F6: 4 | G6: Y | H6: Not started
A7: 6 | B7: 0 — Settle (no production code) | C7: Confirm the Phase 1 concern cut | D7: docs/DECISIONS.md | E7: PRD Phase 1 is Tier 0/1 only. Of what is built, only FORGET_MPIN qualifies; Transport and Recharge are Phase 2. | F7: 4, 5 | G7: Y | H7: Not started
A8: 7 | B8: 0 — Settle (no production code) | C8: Confirm the Agent-2 outbound SLA (NFR-03) | D8: Nothing yet; sets the alert threshold later. | E8: Unspecified in the PRD. Decides whether the agent queue needs priority handling. | F8: — | G8: Y | H8: Not started
A9: 8 | B9: 0 — Settle (no production code) | C9: Settle the reversible window (NFR-07) | D9: Shapes the ticket_action schema in step 14. | E9: Duration, who may reverse, and whether the partner sees the money. Settle BEFORE the schema port so the table is created once with the states it needs. | F9: — | G9: Y | H9: Not started
A10: 9 | B10: 0 — Settle (no production code) | C10: Freeze the concern taxonomy and write the catalogue migration | D10: New Flyway migration over concern_catalogue | E10: The catalogue is the system's configuration. If it describes the wrong world, that is one migration now or a surprise per concern later. | F10: 4 | G10: Y | H10: Not started
A11: 10 | B11: 1 — Make it deployable (new service) | C11: Create the service repository properly | D11: Repo layout, branch protection, PR review, versioning | E11: Today it is one commit named 'initial setup'. Nothing downstream is safe without history and review. | F11: — | G11: N | H11: Not started
A12: 11 | B12: 1 — Make it deployable (new service) | C12: Dockerfile matching the platform | D12: New Dockerfile | E12: empapi's pattern: ym-base-images ECR builder, temurin-17-jre runtime, Elastic APM agent, ports 8080/9090. | F12: 10 | G12: N | H12: Not started
A13: 12 | B13: 1 — Make it deployable (new service) | C13: Per-environment config, the platform's way | D13: src/main/config/{dev,uat,pre-prod,prod}/application.properties + Maven profiles | E13: empapi selects config by Maven profile, not by Spring profile files in resources. Match it. | F13: 10 | G13: N | H13: Not started
... A81: 80 | B81: 8 — Launch | C81: Go / no-go against the PRD KPIs | D81: docs/ | E81: Automation rate, agent-connect rate, settlement accuracy, CSAT. | F81: 77 | G81: Y | H81: Not started

Sheet Summary
A1: Phase | B1: Steps | C1: Done | D1: In progress | E1: Blocked | F1: Not started | G1: Discuss first | H1: Complete
A2: 0 — Settle (no production code) | B2: =COUNTIF(Steps!$B$2:$B$81,$A2) -> 9 | C2: =COUNTIFS(Steps!$B$2:$B$81,$A2,Steps!$H$2:$H$81,"Done") -> 0 | D2: =COUNTIFS(Steps!$B$2:$B$81,$A2,Steps!$H$2:$H$81,"In progress") -> 0 | E2: =COUNTIFS(Steps!$B$2:$B$81,$A2,Steps!$H$2:$H$81,"Blocked") -> 0 | F2: =COUNTIFS(Steps!$B$2:$B$81,$A2,Steps!$H$2:$H$81,"Not started") -> 9 | G2: =COUNTIFS(Steps!$B$2:$B$81,$A2,Steps!$G$2:$G$81,"Y") -> 6 | H2: =IFERROR($C2/$B2,0) -> 0
A3: 1 — Make it deployable (new service) | B3: =COUNTIF(Steps!$B$2:$B$81,$A3) -> 17 | C3: =COUNTIFS(Steps!$B$2:$B$81,$A3,Steps!$H$2:$H$81,"Done") -> 0 | D3: =COUNTIFS(Steps!$B$2:$B$81,$A3,Steps!$H$2:$H$81,"In progress") -> 0 | E3: =COUNTIFS(Steps!$B$2:$B$81,$A3,Steps!$H$2:$H$81,"Blocked") -> 0 | F3: =COUNTIFS(Steps!$B$2:$B$81,$A3,Steps!$H$2:$H$81,"Not started") -> 17 | G3: =COUNTIFS(Steps!$B$2:$B$81,$A3,Steps!$G$2:$G$81,"Y") -> 7 | H3: =IFERROR($C3/$B3,0) -> 0
A4: 2 — Make what exists correct | B4: =COUNTIF(Steps!$B$2:$B$81,$A4) -> 9 | C4: =COUNTIFS(Steps!$B$2:$B$81,$A4,Steps!$H$2:$H$81,"Done") -> 0 | D4: =COUNTIFS(Steps!$B$2:$B$81,$A4,Steps!$H$2:$H$81,"In progress") -> 0 | E4: =COUNTIFS(Steps!$B$2:$B$81,$A4,Steps!$H$2:$H$81,"Blocked") -> 0 | F4: =COUNTIFS(Steps!$B$2:$B$81,$A4,Steps!$H$2:$H$81,"Not started") -> 9 | G4: =COUNTIFS(Steps!$B$2:$B$81,$A4,Steps!$G$2:$G$81,"Y") -> 4 | H4: =IFERROR($C4/$B4,0) -> 0
A5: 3 — The reference slice: Recharge, end to end | B5: =COUNTIF(Steps!$B$2:$B$81,$A5) -> 10 | C5: =COUNTIFS(Steps!$B$2:$B$81,$A5,Steps!$H$2:$H$81,"Done") -> 0 | D5: =COUNTIFS(Steps!$B$2:$B$81,$A5,Steps!$H$2:$H$81,"In progress") -> 0 | E5: =COUNTIFS(Steps!$B$2:$B$81,$A5,Steps!$H$2:$H$81,"Blocked") -> 0 | F5: =COUNTIFS(Steps!$B$2:$B$81,$A5,Steps!$H$2:$H$81,"Not started") -> 10 | G5: =COUNTIFS(Steps!$B$2:$B$81,$A5,Steps!$G$2:$G$81,"Y") -> 8 | H5: =IFERROR($C5/$B5,0) -> 0
A6: 4 — Production safety | B6: =COUNTIF(Steps!$B$2:$B$81,$A6) -> 8 | C6: =COUNTIFS(Steps!$B$2:$B$81,$A6,Steps!$H$2:$H$81,"Done") -> 0 | D6: =COUNTIFS(Steps!$B$2:$B$81,$A6,Steps!$H$2:$H$81,"In progress") -> 0 | E6: =COUNTIFS(Steps!$B$2:$B$81,$A6,Steps!$H$2:$H$81,"Blocked") -> 0 | F6: =COUNTIFS(Steps!$B$2:$B$81,$A6,Steps!$H$2:$H$81,"Not started") -> 8 | G6: =COUNTIFS(Steps!$B$2:$B$81,$A6,Steps!$G$2:$G$81,"Y") -> 6 | H6: =IFERROR($C6/$B6,0) -> 0
A7: 5 — Operability | B7: =COUNTIF(Steps!$B$2:$B$81,$A7) -> 8 | C7: =COUNTIFS(Steps!$B$2:$B$81,$A7,Steps!$H$2:$H$81,"Done") -> 0 | D7: =COUNTIFS(Steps!$B$2:$B$81,$A7,Steps!$H$2:$H$81,"In progress") -> 0 | E7: =COUNTIFS(Steps!$B$2:$B$81,$A7,Steps!$H$2:$H$81,"Blocked") -> 0 | F7: =COUNTIFS(Steps!$B$2:$B$81,$A7,Steps!$H$2:$H$81,"Not started") -> 8 | G7: =COUNTIFS(Steps!$B$2:$B$81,$A7,Steps!$G$2:$G$81,"Y") -> 3 | H7: =IFERROR($C7/$B7,0) -> 0
A8: 6 — Replicate the slice | B8: =COUNTIF(Steps!$B$2:$B$81,$A8) -> 6 | C8: =COUNTIFS(Steps!$B$2:$B$81,$A8,Steps!$H$2:$H$81,"Done") -> 0 | D8: =COUNTIFS(Steps!$B$2:$B$81,$A8,Steps!$H$2:$H$81,"In progress") -> 0 | E8: =COUNTIFS(Steps!$B$2:$B$81,$A8,Steps!$H$2:$H$81,"Blocked") -> 0 | F8: =COUNTIFS(Steps!$B$2:$B$81,$A8,Steps!$H$2:$H$81,"Not started") -> 6 | G8: =COUNTIFS(Steps!$B$2:$B$81,$A8,Steps!$G$2:$G$81,"Y") -> 5 | H8: =IFERROR($C8/$B8,0) -> 0
A9: 7 — The front door (NFR-01) | B9: =COUNTIF(Steps!$B$2:$B$81,$A9) -> 8 | C9: =COUNTIFS(Steps!$B$2:$B$81,$A9,Steps!$H$2:$H$81,"Done") -> 0 | D9: =COUNTIFS(Steps!$B$2:$B$81,$A9,Steps!$H$2:$H$81,"In progress") -> 0 | E9: =COUNTIFS(Steps!$B$2:$B$81,$A9,Steps!$H$2:$H$81,"Blocked") -> 0 | F9: =COUNTIFS(Steps!$B$2:$B$81,$A9,Steps!$H$2:$H$81,"Not started") -> 8 | G9: =COUNTIFS(Steps!$B$2:$B$81,$A9,Steps!$G$2:$G$81,"Y") -> 7 | H9: =IFERROR($C9/$B9,0) -> 0
A10: 8 — Launch | B10: =COUNTIF(Steps!$B$2:$B$81,$A10) -> 5 | C10: =COUNTIFS(Steps!$B$2:$B$81,$A10,Steps!$H$2:$H$81,"Done") -> 0 | D10: =COUNTIFS(Steps!$B$2:$B$81,$A10,Steps!$H$2:$H$81,"In progress") -> 0 | E10: =COUNTIFS(Steps!$B$2:$B$81,$A10,Steps!$H$2:$H$81,"Blocked") -> 0 | F10: =COUNTIFS(Steps!$B$2:$B$81,$A10,Steps!$H$2:$H$81,"Not started") -> 5 | G10: =COUNTIFS(Steps!$B$2:$B$81,$A10,Steps!$G$2:$G$81,"Y") -> 3 | H10: =IFERROR($C10/$B10,0) -> 0
A11: TOTAL | B11: =SUM(B2:B10) -> 80 | C11: =SUM(C2:C10) -> 0 | D11: =SUM(D2:D10) -> 0 | E11: =SUM(E2:E10) -> 0 | F11: =SUM(F2:F10) -> 80 | G11: =SUM(G2:G10) -> 49 | H11: =IFERROR(C11/B11,0) -> 0
A13: Phases 1 and 2 need no decision from anyone and can start immediately. Phase 7 is sized by other teams and should be tracked from the start even though it lands last.

Sheet Definition of done
A1: Definition of Done — a production concern
A2: Proposal for step 36. Agreed ONCE, before the first concern, so that "done" is not renegotiated per concern. A concern that misses any line is not done — it is demoable.
A4: # | B4: Criterion | C4: How it is checked
A5: 1 | B5: Every column it reads exists and is marked confirmed | C5: UatSchemaProbe passes against the production schema, and the deployment fails if it does not
A6: 2 | B6: Every rule in its table is reachable, or documented as to why not | C6: The acceptance run fires them; docs/SIGNAL-REGISTER.md records any that cannot
A7: 3 | B7: If it is T2, something can actually perform the action | C7: ActionRegistry.canPerform() returns true — otherwise it decides correctly and escalates
A8: 4 | B8: Money moves inside the reversible window, not before it | C8: ticket_action carries a pending state; a finaliser closes it; a reversal path exists
A9: 5 | B9: Idempotent against the real gateway, not the mock | C9: A repeat raise returns "already credited" and moves nothing
A10: 6 | B10: Its kill switch works in the deployed environment | C10: Flip it; the next request routes to a human with no restart
A11: 7 | B11: Reconciliation covers it, both directions | C11: Including the silent case: the gateway paid and we have no row
A12: 8 | B12: Metrics emit for it | C12: Tier split, automation rate, action outcomes — per concern, not in aggregate
A13: 9 | B13: Alerts exist for its failure modes | C13: At minimum: reconciliation mismatch, and an action attempted with no outcome recorded
A14: 10 | B14: It has a runbook entry | C14: What to do when its source is down, when its action fails, how to switch it off
A15: 11 | B15: It survives the acceptance run | C15: DemoScenarioRunTest is green on every mvn test
A16: 12 | B16: Its escalation carries context | C16: The agent opens computed facts, not a transcript — the partner never re-explains

Sheet Gates
A1: Gate | B1: What must be true | C1: What it unblocks | D1: Status
A2: G1 — the data is known | B2: Probes 2 and 3 run; the five answers recorded | C2: Phase 2 in full. Transport and Recharge cannot be correct without them | D2: Not met
A3: G2 — the taxonomy is frozen | B3: The 8 reconciliation decisions taken; the catalogue migration written | C3: Every concern after the reference slice. 18,087 monthly cases in Product Issues and Violations have no agreed home until this is closed | D3: Not met
A4: G3 — the service deploys | B4: Image builds, config per environment, secrets from Secrets Manager, rollback exercised | C4: Anything reaching a real partner | D4: Not met
A5: G4 — money is safe on MySQL | B5: Transaction boundaries, duplicate guard and commit ordering re-proved on the real engine | C5: Any T2 concern in production | D5: Not met
A6: G5 — the reference slice is done | B6: Recharge meets every line of the Definition of Done | C6: Phase 6. Until one concern is genuinely done, "done" is a guess | D6: Not met
A7: G6 — the front door exists | B7: Every concern reachable through Help; agent handoff works end to end | C7: Launch. NFR-01 allows no parallel legacy entry point | D7: Not met
A8: G7 — shadow agrees | B8: Bot decisions compared against agent actions, per concern | C8: Switching concerns on. This is the evidence the go/no-go rests on | D8: Not met
